Content,Hashtags,Image URL,Author,Post URL
,"#MachineLearning, #OnlineLearning, #ProfessionalDevelopment, #ContinuousLearning, #FutureOfWork, #TrainingPrograms, #HandsOnTraining, #DataAnalytics, #OperationsResearch, #LearningAndDevelopment, #DataScience, #SkillDevelopment, #Workshops, #DataDriven, #EmployeeTraining, #KnowledgeSharing, #TechEducation, #AITraining",,,https://www.linkedin.com/feed/hashtag/?keywords=machinelearning&highlightedUpdateUrns=urn%3Ali%3Aactivity%3A7254024366932332544
"As I happened to see this funny pic in the internet today, I thought why not nib-away some thoughts! So here's my two pences on the the coin of modern technology. 

In today’s hyper-connected world, humans are deeply intertwined with technology. Whether we realize it or not, we've become inseparable from our devices, from the moment we wake up to the second we fall asleep. The irony is undeniable: while we remain hooked to our machines, they’re learning from us—growing smarter, more efficient, and potentially more powerful than we ever imagined.",,,,No URL
"AI and Machine Learning in the Workplace 
.
.
.","#MachineLearning, #Leadership, #FutureOfWork, #WorkplaceInnovation, #ArtificialIntelligence, #BusinessTransformation, #Productivity, #AI, #Automation, #TechInBusiness, #DataDriven, #DigitalTransformation, #hyderabad",,,https://www.linkedin.com/feed/hashtag/?keywords=ai&highlightedUpdateUrns=urn%3Ali%3Aactivity%3A7254093898032021504
,"#MachineLearning, #OnlineLearning, #ProfessionalDevelopment, #ContinuousLearning, #FutureOfWork, #TrainingPrograms, #HandsOnTraining, #DataAnalytics, #OperationsResearch, #LearningAndDevelopment, #DataScience, #SkillDevelopment, #Workshops, #DataDriven, #EmployeeTraining, #KnowledgeSharing, #TechEducation, #AITraining",,,https://www.linkedin.com/feed/hashtag/?keywords=machinelearning&highlightedUpdateUrns=urn%3Ali%3Aactivity%3A7254024366932332544
"As I happened to see this funny pic in the internet today, I thought why not nib-away some thoughts! So here's my two pences on the the coin of modern technology. 

In today’s hyper-connected world, humans are deeply intertwined with technology. Whether we realize it or not, we've become inseparable from our devices, from the moment we wake up to the second we fall asleep. The irony is undeniable: while we remain hooked to our machines, they’re learning from us—growing smarter, more efficient, and potentially more powerful than we ever imagined.",,,,No URL
